words_per_turn,short_pauses,long_pauses,positive_word_rate,id,label
17.6,1,2,0.022727272727272728,1,1
34.0,1,0,0.0196078431372549,2,0
17.466666666666665,0,2,0.015267175572519083,3,1
33.86666666666667,1,0,0.021653543307086614,4,0
34.666666666666664,1,0,0.013461538461538462,5,0
22.3125,0,1,0.011204481792717087,6,1
15.5,2,1,0.0,7,1
33.0,0,0,0.01616161616161616,8,0
18.066666666666666,0,1,0.0036900369003690036,9,1
11.333333333333334,0,2,0.0058823529411764705,10,1
19.857142857142858,0,1,0.017985611510791366,11,1
26.4,1,0,0.012626262626262626,12,0
37.13333333333333,1,0,0.02872531418312388,13,0
10.866666666666667,2,2,0.012269938650306749,14,1
15.0,1,1,0.0044444444444444444,15,1
27.666666666666668,0,0,0.014457831325301205,16,0
36.333333333333336,0,0,0.01651376146788991,17,0
37.266666666666666,1,0,0.023255813953488372,18,0
21.733333333333334,0,1,0.012269938650306749,19,1
16.466666666666665,0,1,0.012145748987854251,20,1
10.8,1,3,0.024691358024691357,21,1
14.666666666666666,0,2,0.00909090909090909,22,1
39.0,0,0,0.020146520146520148,23,0
7.866666666666666,0,1,0.01694915254237288,24,1
24.8,0,0,0.01881720430107527,25,0
11.0,0,1,0.006060606060606061,26,1
41.266666666666666,1,0,0.01938610662358643,27,0
37.53333333333333,1,0,0.015985790408525755,28,0
11.533333333333333,1,3,0.005780346820809248,29,1
23.9375,0,1,0.007832898172323759,30,1
21.533333333333335,2,1,0.01238390092879257,31,1
14.6,1,3,0.0045662100456621,32,1
29.8,1,0,0.020134228187919462,33,0
31.866666666666667,0,0,0.01882845188284519,34,0
21.928571428571427,0,1,0.006514657980456026,35,1
10.666666666666666,0,9,0.0125,36,1
29.214285714285715,0,1,0.029339853300733496,37,0
13.666666666666666,0,3,0.00975609756097561,38,1
30.4,0,0,0.021929824561403508,39,0
36.75,1,0,0.02891156462585034,40,0
38.666666666666664,0,0,0.03103448275862069,41,0
14.133333333333333,1,1,0.014150943396226415,42,1
34.13333333333333,1,0,0.0234375,43,0
24.8,1,0,0.021505376344086023,44,0
34.53333333333333,0,0,0.023166023166023165,45,0
35.44444444444444,2,0,0.018808777429467086,46,0
13.8,0,2,0.028985507246376812,47,1
23.6,0,4,0.005649717514124294,48,1
30.333333333333332,0,0,0.026373626373626374,49,0
18.133333333333333,0,2,0.014705882352941176,50,1
40.666666666666664,0,0,0.014754098360655738,51,0
34.1875,0,0,0.029250457038391225,52,0
29.8,0,0,0.024608501118568233,53,0
46.266666666666666,0,0,0.020172910662824207,54,0
22.666666666666668,0,3,0.014705882352941176,55,1
40.666666666666664,1,0,0.027868852459016394,56,0
6.533333333333333,1,0,0.01020408163265306,57,1
17.2,1,1,0.011627906976744186,58,1
16.333333333333332,0,2,0.00816326530612245,59,1
33.733333333333334,1,0,0.019762845849802372,60,0
